Daily commit log
Auto commit on Thu Dec 18 09:12:54 UTC 2025
Auto commit on Fri Dec 19 03:45:46 UTC 2025
Auto commit on Fri Dec 19 05:05:03 UTC 2025
Auto commit on Sat Dec 20 04:24:22 UTC 2025
Auto commit on Sun Dec 21 04:35:17 UTC 2025
Auto commit on Mon Dec 22 04:38:16 UTC 2025
Auto commit on Tue Dec 23 04:36:13 UTC 2025
Auto commit on Wed Dec 24 04:34:15 UTC 2025
Auto commit on Thu Dec 25 04:36:02 UTC 2025
Auto commit on Fri Dec 26 04:33:16 UTC 2025
Auto commit on Sat Dec 27 04:30:42 UTC 2025
Auto commit on Sun Dec 28 04:42:18 UTC 2025
Auto commit on Mon Dec 29 04:46:54 UTC 2025
Auto commit on Tue Dec 30 04:37:40 UTC 2025
Auto commit on Wed Dec 31 04:36:57 UTC 2025
Auto commit on Thu Jan  1 04:45:48 UTC 2026
Auto commit on Fri Jan  2 04:39:07 UTC 2026
Auto commit on Sat Jan  3 04:30:25 UTC 2026
Auto commit on Sun Jan  4 04:46:54 UTC 2026
Auto commit on Mon Jan  5 04:55:27 UTC 2026
Auto commit on Tue Jan  6 04:37:51 UTC 2026
Auto commit on Wed Jan  7 04:39:04 UTC 2026
Auto commit on Thu Jan  8 04:37:46 UTC 2026
Auto commit on Fri Jan  9 04:38:31 UTC 2026
Auto commit on Sat Jan 10 04:32:16 UTC 2026
Auto commit on Sun Jan 11 04:45:26 UTC 2026
Auto commit on Mon Jan 12 04:48:12 UTC 2026
Auto commit on Tue Jan 13 04:38:18 UTC 2026
Auto commit on Wed Jan 14 04:44:50 UTC 2026
Auto commit on Thu Jan 15 04:38:35 UTC 2026
Auto commit on Fri Jan 16 04:38:15 UTC 2026
Auto commit on Sat Jan 17 04:30:33 UTC 2026
Auto commit on Sun Jan 18 04:40:07 UTC 2026
Auto commit on Mon Jan 19 04:50:16 UTC 2026
Auto commit on Tue Jan 20 04:42:25 UTC 2026
Auto commit on Wed Jan 21 04:41:32 UTC 2026
Auto commit on Thu Jan 22 04:45:50 UTC 2026
Auto commit on Fri Jan 23 04:40:36 UTC 2026
Auto commit on Sat Jan 24 04:33:44 UTC 2026
Auto commit on Sun Jan 25 04:50:46 UTC 2026
Auto commit on Mon Jan 26 04:54:26 UTC 2026
Auto commit on Tue Jan 27 04:44:44 UTC 2026
Auto commit on Wed Jan 28 04:41:43 UTC 2026
Auto commit on Thu Jan 29 05:04:25 UTC 2026
Auto commit on Fri Jan 30 05:06:52 UTC 2026
Auto commit on Sat Jan 31 05:00:07 UTC 2026
Auto commit on Sun Feb  1 05:20:29 UTC 2026
Auto commit on Mon Feb  2 05:22:29 UTC 2026
Auto commit on Tue Feb  3 05:13:31 UTC 2026
Auto commit on Wed Feb  4 05:07:32 UTC 2026
Auto commit on Thu Feb  5 05:15:07 UTC 2026
Auto commit on Fri Feb  6 05:13:32 UTC 2026
Auto commit on Sat Feb  7 05:03:43 UTC 2026
Auto commit on Sun Feb  8 05:22:44 UTC 2026
Auto commit on Mon Feb  9 05:25:48 UTC 2026
Auto commit on Tue Feb 10 05:26:23 UTC 2026
Auto commit on Wed Feb 11 05:25:50 UTC 2026
Auto commit on Thu Feb 12 05:23:36 UTC 2026
